{
  "total_experiments": 54,
  "successful_runs": 42,
  "failed_runs": 0,
  "skipped_runs": 12,
  "by_model": {
    "fcn": {
      "accuracies": [
        0.8286445012787724,
        0.7428571428571429,
        0.9,
        0.9166666666666666,
        0.8588541666666667,
        0.8398550724637681,
        0.6659340659340659,
        0.7563025210084033,
        0.5388471177944862
      ],
      "datasets": [
        "Adiac",
        "ArrowHead",
        "Beef",
        "Car",
        "ChlorineConcentration",
        "CinCECGTorso",
        "FiftyWords",
        "HouseTwenty",
        "KeplerLightCurves"
      ],
      "mean_accuracy": 0.7831068060744415,
      "std_accuracy": 0.11463212495465186
    },
    "cnn": {
      "accuracies": [
        0.6112531969309463,
        0.7314285714285714,
        0.9333333333333333,
        0.85,
        0.8526041666666667,
        0.9797101449275363,
        0.7230769230769231,
        0.8403361344537815,
        0.8145363408521303
      ],
      "datasets": [
        "Adiac",
        "ArrowHead",
        "Beef",
        "Car",
        "ChlorineConcentration",
        "CinCECGTorso",
        "FiftyWords",
        "HouseTwenty",
        "KeplerLightCurves"
      ],
      "mean_accuracy": 0.8151420901855431,
      "std_accuracy": 0.10612363411403981
    },
    "transformer": {
      "accuracies": [
        0.7,
        0.7333333333333333,
        0.8652173913043478,
        0.8907563025210085,
        0.6015037593984962
      ],
      "datasets": [
        "Beef",
        "Car",
        "CinCECGTorso",
        "HouseTwenty",
        "KeplerLightCurves"
      ],
      "mean_accuracy": 0.7581621573114371,
      "std_accuracy": 0.10731560105505546
    },
    "cats": {
      "accuracies": [
        0.6333333333333333,
        0.7833333333333333,
        0.886231884057971,
        0.907563025210084,
        0.7619047619047619
      ],
      "datasets": [
        "Beef",
        "Car",
        "CinCECGTorso",
        "HouseTwenty",
        "KeplerLightCurves"
      ],
      "mean_accuracy": 0.7944732675678966,
      "std_accuracy": 0.09834614490130325
    },
    "autoformer": {
      "accuracies": [
        0.72,
        0.6,
        0.7166666666666667,
        0.7956521739130434,
        0.4725274725274725,
        0.8487394957983193,
        0.6666666666666666
      ],
      "datasets": [
        "ArrowHead",
        "Beef",
        "Car",
        "CinCECGTorso",
        "FiftyWords",
        "HouseTwenty",
        "KeplerLightCurves"
      ],
      "mean_accuracy": 0.6886074965103098,
      "std_accuracy": 0.1158181404973947
    },
    "patchtst": {
      "accuracies": [
        0.6914285714285714,
        0.7333333333333333,
        0.8166666666666667,
        0.803623188405797,
        0.6615384615384615,
        0.9327731092436975,
        0.8320802005012531
      ],
      "datasets": [
        "ArrowHead",
        "Beef",
        "Car",
        "CinCECGTorso",
        "FiftyWords",
        "HouseTwenty",
        "KeplerLightCurves"
      ],
      "mean_accuracy": 0.781634790159683,
      "std_accuracy": 0.0861821772482242
    }
  },
  "by_dataset": {
    "Adiac": {
      "fcn": 0.8286445012787724,
      "cnn": 0.6112531969309463
    },
    "ArrowHead": {
      "fcn": 0.7428571428571429,
      "cnn": 0.7314285714285714,
      "autoformer": 0.72,
      "patchtst": 0.6914285714285714
    },
    "Beef": {
      "fcn": 0.9,
      "cnn": 0.9333333333333333,
      "transformer": 0.7,
      "cats": 0.6333333333333333,
      "autoformer": 0.6,
      "patchtst": 0.7333333333333333
    },
    "Car": {
      "fcn": 0.9166666666666666,
      "cnn": 0.85,
      "transformer": 0.7333333333333333,
      "cats": 0.7833333333333333,
      "autoformer": 0.7166666666666667,
      "patchtst": 0.8166666666666667
    },
    "ChlorineConcentration": {
      "fcn": 0.8588541666666667,
      "cnn": 0.8526041666666667
    },
    "CinCECGTorso": {
      "fcn": 0.8398550724637681,
      "cnn": 0.9797101449275363,
      "transformer": 0.8652173913043478,
      "cats": 0.886231884057971,
      "autoformer": 0.7956521739130434,
      "patchtst": 0.803623188405797
    },
    "FiftyWords": {
      "fcn": 0.6659340659340659,
      "cnn": 0.7230769230769231,
      "autoformer": 0.4725274725274725,
      "patchtst": 0.6615384615384615
    },
    "HouseTwenty": {
      "fcn": 0.7563025210084033,
      "cnn": 0.8403361344537815,
      "transformer": 0.8907563025210085,
      "cats": 0.907563025210084,
      "autoformer": 0.8487394957983193,
      "patchtst": 0.9327731092436975
    },
    "KeplerLightCurves": {
      "fcn": 0.5388471177944862,
      "cnn": 0.8145363408521303,
      "transformer": 0.6015037593984962,
      "cats": 0.7619047619047619,
      "autoformer": 0.6666666666666666,
      "patchtst": 0.8320802005012531
    }
  }
}