{
  "total_experiments": 54,
  "successful_runs": 48,
  "failed_runs": 6,
  "skipped_runs": 0,
  "by_model": {
    "autoformer": {
      "accuracies": [
        0.9099932930918846,
        0.7166666666666667,
        0.8666666666666667,
        0.6065934065934065,
        0.8897243107769424
      ],
      "datasets": [
        "ArrowHead",
        "Beef",
        "Car",
        "FiftyWords",
        "KeplerLightCurves"
      ],
      "mean_accuracy": 0.7979288687591135,
      "std_accuracy": 0.11740743401381526
    },
    "cats": {
      "accuracies": [
        0.056265984654731455,
        0.8484238765928908,
        0.6833333333333332,
        0.7666666666666666,
        0.5403645833333334,
        1.0,
        0.7186813186813187,
        0.7593984962406015
      ],
      "datasets": [
        "Adiac",
        "ArrowHead",
        "Beef",
        "Car",
        "ChlorineConcentration",
        "CinCECGTorso",
        "FiftyWords",
        "KeplerLightCurves"
      ],
      "mean_accuracy": 0.6716417824378595,
      "std_accuracy": 0.2631711617771006
    },
    "cnn": {
      "accuracies": [
        0.6828644501278772,
        0.9382293762575452,
        0.8666666666666667,
        0.8833333333333334,
        0.8591145833333333,
        1.0,
        0.7538461538461538,
        0.9371069182389937,
        0.8571428571428571
      ],
      "datasets": [
        "Adiac",
        "ArrowHead",
        "Beef",
        "Car",
        "ChlorineConcentration",
        "CinCECGTorso",
        "FiftyWords",
        "HouseTwenty",
        "KeplerLightCurves"
      ],
      "mean_accuracy": 0.8642560376607511,
      "std_accuracy": 0.09113223947127859
    },
    "fcn": {
      "accuracies": [
        0.6726342710997443,
        0.9242119382964452,
        0.8666666666666667,
        0.9249999999999999,
        0.7958333333333333,
        1.0,
        0.6835164835164835,
        0.7924528301886792,
        0.5213032581453634
      ],
      "datasets": [
        "Adiac",
        "ArrowHead",
        "Beef",
        "Car",
        "ChlorineConcentration",
        "CinCECGTorso",
        "FiftyWords",
        "HouseTwenty",
        "KeplerLightCurves"
      ],
      "mean_accuracy": 0.7979576423607462,
      "std_accuracy": 0.1425938842196357
    },
    "patchtst": {
      "accuracies": [
        0.4731457800511509,
        0.886317907444668,
        0.7333333333333334,
        0.8166666666666668,
        0.6169270833333333,
        0.9992952783650457,
        0.676923076923077,
        0.9182389937106917,
        0.8045112781954887
      ],
      "datasets": [
        "Adiac",
        "ArrowHead",
        "Beef",
        "Car",
        "ChlorineConcentration",
        "CinCECGTorso",
        "FiftyWords",
        "HouseTwenty",
        "KeplerLightCurves"
      ],
      "mean_accuracy": 0.7694843775581617,
      "std_accuracy": 0.1538429562188164
    },
    "transformer": {
      "accuracies": [
        0.4373401534526854,
        0.8530516431924883,
        0.6666666666666666,
        0.8583333333333334,
        0.5502604166666667,
        0.9992952783650457,
        0.7208791208791209,
        0.7443609022556391
      ],
      "datasets": [
        "Adiac",
        "ArrowHead",
        "Beef",
        "Car",
        "ChlorineConcentration",
        "CinCECGTorso",
        "FiftyWords",
        "KeplerLightCurves"
      ],
      "mean_accuracy": 0.7287734393514558,
      "std_accuracy": 0.16821701137849798
    }
  },
  "by_dataset": {
    "ArrowHead": {
      "autoformer": 0.9099932930918846,
      "cats": 0.8484238765928908,
      "cnn": 0.9382293762575452,
      "fcn": 0.9242119382964452,
      "patchtst": 0.886317907444668,
      "transformer": 0.8530516431924883
    },
    "Beef": {
      "autoformer": 0.7166666666666667,
      "cats": 0.6833333333333332,
      "cnn": 0.8666666666666667,
      "fcn": 0.8666666666666667,
      "patchtst": 0.7333333333333334,
      "transformer": 0.6666666666666666
    },
    "Car": {
      "autoformer": 0.8666666666666667,
      "cats": 0.7666666666666666,
      "cnn": 0.8833333333333334,
      "fcn": 0.9249999999999999,
      "patchtst": 0.8166666666666668,
      "transformer": 0.8583333333333334
    },
    "FiftyWords": {
      "autoformer": 0.6065934065934065,
      "cats": 0.7186813186813187,
      "cnn": 0.7538461538461538,
      "fcn": 0.6835164835164835,
      "patchtst": 0.676923076923077,
      "transformer": 0.7208791208791209
    },
    "KeplerLightCurves": {
      "autoformer": 0.8897243107769424,
      "cats": 0.7593984962406015,
      "cnn": 0.8571428571428571,
      "fcn": 0.5213032581453634,
      "patchtst": 0.8045112781954887,
      "transformer": 0.7443609022556391
    },
    "Adiac": {
      "cats": 0.056265984654731455,
      "cnn": 0.6828644501278772,
      "fcn": 0.6726342710997443,
      "patchtst": 0.4731457800511509,
      "transformer": 0.4373401534526854
    },
    "ChlorineConcentration": {
      "cats": 0.5403645833333334,
      "cnn": 0.8591145833333333,
      "fcn": 0.7958333333333333,
      "patchtst": 0.6169270833333333,
      "transformer": 0.5502604166666667
    },
    "CinCECGTorso": {
      "cats": 1.0,
      "cnn": 1.0,
      "fcn": 1.0,
      "patchtst": 0.9992952783650457,
      "transformer": 0.9992952783650457
    },
    "HouseTwenty": {
      "cnn": 0.9371069182389937,
      "fcn": 0.7924528301886792,
      "patchtst": 0.9182389937106917
    }
  }
}