{
  "total_experiments": 54,
  "successful_runs": 50,
  "failed_runs": 0,
  "skipped_runs": 4,
  "by_model": {
    "fcn": {
      "accuracies": [
        0.8184143222506394,
        0.7314285714285714,
        0.8666666666666667,
        0.8833333333333333,
        0.8721354166666667,
        0.8442028985507246,
        0.6395604395604395,
        0.7394957983193278,
        0.5213032581453634
      ],
      "datasets": [
        "Adiac",
        "ArrowHead",
        "Beef",
        "Car",
        "ChlorineConcentration",
        "CinCECGTorso",
        "FiftyWords",
        "HouseTwenty",
        "KeplerLightCurves"
      ],
      "mean_accuracy": 0.7685045227690813,
      "std_accuracy": 0.11630096525277285
    },
    "cnn": {
      "accuracies": [
        0.5294117647058824,
        0.7714285714285715,
        0.9666666666666667,
        0.48333333333333334,
        0.8885416666666667,
        0.9826086956521739,
        0.6967032967032967,
        0.907563025210084,
        0.8245614035087719
      ],
      "datasets": [
        "Adiac",
        "ArrowHead",
        "Beef",
        "Car",
        "ChlorineConcentration",
        "CinCECGTorso",
        "FiftyWords",
        "HouseTwenty",
        "KeplerLightCurves"
      ],
      "mean_accuracy": 0.7834242693194942,
      "std_accuracy": 0.17115487458502834
    },
    "transformer": {
      "accuracies": [
        0.5038363171355499,
        0.5428571428571428,
        0.6666666666666666,
        0.6333333333333333,
        0.9065217391304348,
        0.6263736263736264,
        0.8823529411764706,
        0.5739348370927319
      ],
      "datasets": [
        "Adiac",
        "ArrowHead",
        "Beef",
        "Car",
        "CinCECGTorso",
        "FiftyWords",
        "HouseTwenty",
        "KeplerLightCurves"
      ],
      "mean_accuracy": 0.6669845754707445,
      "std_accuracy": 0.14019030351994746
    },
    "cats": {
      "accuracies": [
        0.5421994884910486,
        0.5885714285714285,
        0.5666666666666667,
        0.7333333333333333,
        0.8710144927536232,
        0.6395604395604395,
        0.8739495798319328,
        0.7117794486215538
      ],
      "datasets": [
        "Adiac",
        "ArrowHead",
        "Beef",
        "Car",
        "CinCECGTorso",
        "FiftyWords",
        "HouseTwenty",
        "KeplerLightCurves"
      ],
      "mean_accuracy": 0.6908843597287533,
      "std_accuracy": 0.12187984175151247
    },
    "autoformer": {
      "accuracies": [
        0.5942857142857143,
        0.7333333333333333,
        0.7666666666666667,
        0.768840579710145,
        0.20659340659340658,
        0.8907563025210085,
        0.2982456140350877
      ],
      "datasets": [
        "ArrowHead",
        "Beef",
        "Car",
        "CinCECGTorso",
        "FiftyWords",
        "HouseTwenty",
        "KeplerLightCurves"
      ],
      "mean_accuracy": 0.6083888024493375,
      "std_accuracy": 0.2402279960396046
    },
    "patchtst": {
      "accuracies": [
        0.5703324808184144,
        0.7714285714285715,
        0.7333333333333333,
        0.7666666666666667,
        0.5625,
        0.8934782608695652,
        0.6131868131868132,
        0.8235294117647058,
        0.8446115288220551
      ],
      "datasets": [
        "Adiac",
        "ArrowHead",
        "Beef",
        "Car",
        "ChlorineConcentration",
        "CinCECGTorso",
        "FiftyWords",
        "HouseTwenty",
        "KeplerLightCurves"
      ],
      "mean_accuracy": 0.7310074518766806,
      "std_accuracy": 0.11492351559410968
    }
  },
  "by_dataset": {
    "Adiac": {
      "fcn": 0.8184143222506394,
      "cnn": 0.5294117647058824,
      "transformer": 0.5038363171355499,
      "cats": 0.5421994884910486,
      "patchtst": 0.5703324808184144
    },
    "ArrowHead": {
      "fcn": 0.7314285714285714,
      "cnn": 0.7714285714285715,
      "transformer": 0.5428571428571428,
      "cats": 0.5885714285714285,
      "autoformer": 0.5942857142857143,
      "patchtst": 0.7714285714285715
    },
    "Beef": {
      "fcn": 0.8666666666666667,
      "cnn": 0.9666666666666667,
      "transformer": 0.6666666666666666,
      "cats": 0.5666666666666667,
      "autoformer": 0.7333333333333333,
      "patchtst": 0.7333333333333333
    },
    "Car": {
      "fcn": 0.8833333333333333,
      "cnn": 0.48333333333333334,
      "transformer": 0.6333333333333333,
      "cats": 0.7333333333333333,
      "autoformer": 0.7666666666666667,
      "patchtst": 0.7666666666666667
    },
    "ChlorineConcentration": {
      "fcn": 0.8721354166666667,
      "cnn": 0.8885416666666667,
      "patchtst": 0.5625
    },
    "CinCECGTorso": {
      "fcn": 0.8442028985507246,
      "cnn": 0.9826086956521739,
      "transformer": 0.9065217391304348,
      "cats": 0.8710144927536232,
      "autoformer": 0.768840579710145,
      "patchtst": 0.8934782608695652
    },
    "FiftyWords": {
      "fcn": 0.6395604395604395,
      "cnn": 0.6967032967032967,
      "transformer": 0.6263736263736264,
      "cats": 0.6395604395604395,
      "autoformer": 0.20659340659340658,
      "patchtst": 0.6131868131868132
    },
    "HouseTwenty": {
      "fcn": 0.7394957983193278,
      "cnn": 0.907563025210084,
      "transformer": 0.8823529411764706,
      "cats": 0.8739495798319328,
      "autoformer": 0.8907563025210085,
      "patchtst": 0.8235294117647058
    },
    "KeplerLightCurves": {
      "fcn": 0.5213032581453634,
      "cnn": 0.8245614035087719,
      "transformer": 0.5739348370927319,
      "cats": 0.7117794486215538,
      "autoformer": 0.2982456140350877,
      "patchtst": 0.8446115288220551
    }
  }
}