{
  "total_experiments": 54,
  "successful_runs": 54,
  "failed_runs": 0,
  "skipped_runs": 0,
  "by_model": {
    "fcn": {
      "accuracies": [
        0.8107416879795396,
        0.8057142857142857,
        0.8333333333333334,
        0.8833333333333333,
        0.8989583333333333,
        0.8057971014492754,
        0.6945054945054945,
        0.7478991596638656,
        0.21052631578947367
      ],
      "datasets": [
        "Adiac",
        "ArrowHead",
        "Beef",
        "Car",
        "ChlorineConcentration",
        "CinCECGTorso",
        "FiftyWords",
        "HouseTwenty",
        "KeplerLightCurves"
      ],
      "mean_accuracy": 0.7434232272335483,
      "std_accuracy": 0.1973559621819154
    },
    "cnn": {
      "accuracies": [
        0.8132992327365729,
        0.7714285714285715,
        0.5666666666666667,
        0.7166666666666667,
        0.8666666666666667,
        0.9869565217391304,
        0.7362637362637363,
        0.8571428571428571,
        0.6040100250626567
      ],
      "datasets": [
        "Adiac",
        "ArrowHead",
        "Beef",
        "Car",
        "ChlorineConcentration",
        "CinCECGTorso",
        "FiftyWords",
        "HouseTwenty",
        "KeplerLightCurves"
      ],
      "mean_accuracy": 0.7687889938192805,
      "std_accuracy": 0.1241646827708413
    },
    "transformer": {
      "accuracies": [
        0.7416879795396419,
        0.7542857142857143,
        0.8333333333333334,
        0.75,
        0.5635416666666667,
        0.8753623188405797,
        0.7296703296703296,
        0.8823529411764706,
        0.5639097744360902
      ],
      "datasets": [
        "Adiac",
        "ArrowHead",
        "Beef",
        "Car",
        "ChlorineConcentration",
        "CinCECGTorso",
        "FiftyWords",
        "HouseTwenty",
        "KeplerLightCurves"
      ],
      "mean_accuracy": 0.7437937842165363,
      "std_accuracy": 0.11041730796547963
    },
    "cats": {
      "accuracies": [
        0.690537084398977,
        0.7657142857142857,
        0.8333333333333334,
        0.7833333333333333,
        0.57421875,
        0.8485507246376811,
        0.7318681318681318,
        0.8739495798319328,
        0.5087719298245614
      ],
      "datasets": [
        "Adiac",
        "ArrowHead",
        "Beef",
        "Car",
        "ChlorineConcentration",
        "CinCECGTorso",
        "FiftyWords",
        "HouseTwenty",
        "KeplerLightCurves"
      ],
      "mean_accuracy": 0.734475239215804,
      "std_accuracy": 0.11745623624112872
    },
    "autoformer": {
      "accuracies": [
        0.5907928388746803,
        0.6742857142857143,
        0.5666666666666667,
        0.7166666666666667,
        0.5005208333333333,
        0.8007246376811594,
        0.4967032967032967,
        0.865546218487395,
        0.6040100250626567
      ],
      "datasets": [
        "Adiac",
        "ArrowHead",
        "Beef",
        "Car",
        "ChlorineConcentration",
        "CinCECGTorso",
        "FiftyWords",
        "HouseTwenty",
        "KeplerLightCurves"
      ],
      "mean_accuracy": 0.6462129886401743,
      "std_accuracy": 0.1213315781248913
    },
    "patchtst": {
      "accuracies": [
        0.7237851662404092,
        0.8114285714285714,
        0.8,
        0.75,
        0.565625,
        0.8021739130434783,
        0.7054945054945055,
        0.8319327731092437,
        0.48370927318295737
      ],
      "datasets": [
        "Adiac",
        "ArrowHead",
        "Beef",
        "Car",
        "ChlorineConcentration",
        "CinCECGTorso",
        "FiftyWords",
        "HouseTwenty",
        "KeplerLightCurves"
      ],
      "mean_accuracy": 0.7193499113887962,
      "std_accuracy": 0.11295356119342582
    }
  },
  "by_dataset": {
    "Adiac": {
      "fcn": 0.8107416879795396,
      "cnn": 0.8132992327365729,
      "transformer": 0.7416879795396419,
      "cats": 0.690537084398977,
      "autoformer": 0.5907928388746803,
      "patchtst": 0.7237851662404092
    },
    "ArrowHead": {
      "fcn": 0.8057142857142857,
      "cnn": 0.7714285714285715,
      "transformer": 0.7542857142857143,
      "cats": 0.7657142857142857,
      "autoformer": 0.6742857142857143,
      "patchtst": 0.8114285714285714
    },
    "Beef": {
      "fcn": 0.8333333333333334,
      "cnn": 0.5666666666666667,
      "transformer": 0.8333333333333334,
      "cats": 0.8333333333333334,
      "autoformer": 0.5666666666666667,
      "patchtst": 0.8
    },
    "Car": {
      "fcn": 0.8833333333333333,
      "cnn": 0.7166666666666667,
      "transformer": 0.75,
      "cats": 0.7833333333333333,
      "autoformer": 0.7166666666666667,
      "patchtst": 0.75
    },
    "ChlorineConcentration": {
      "fcn": 0.8989583333333333,
      "cnn": 0.8666666666666667,
      "transformer": 0.5635416666666667,
      "cats": 0.57421875,
      "autoformer": 0.5005208333333333,
      "patchtst": 0.565625
    },
    "CinCECGTorso": {
      "fcn": 0.8057971014492754,
      "cnn": 0.9869565217391304,
      "transformer": 0.8753623188405797,
      "cats": 0.8485507246376811,
      "autoformer": 0.8007246376811594,
      "patchtst": 0.8021739130434783
    },
    "FiftyWords": {
      "fcn": 0.6945054945054945,
      "cnn": 0.7362637362637363,
      "transformer": 0.7296703296703296,
      "cats": 0.7318681318681318,
      "autoformer": 0.4967032967032967,
      "patchtst": 0.7054945054945055
    },
    "HouseTwenty": {
      "fcn": 0.7478991596638656,
      "cnn": 0.8571428571428571,
      "transformer": 0.8823529411764706,
      "cats": 0.8739495798319328,
      "autoformer": 0.865546218487395,
      "patchtst": 0.8319327731092437
    },
    "KeplerLightCurves": {
      "fcn": 0.21052631578947367,
      "cnn": 0.6040100250626567,
      "transformer": 0.5639097744360902,
      "cats": 0.5087719298245614,
      "autoformer": 0.6040100250626567,
      "patchtst": 0.48370927318295737
    }
  }
}