{
  "total_experiments": 54,
  "successful_runs": 54,
  "failed_runs": 0,
  "skipped_runs": 0,
  "by_model": {
    "fcn": {
      "accuracies": [
        0.8184143222506394,
        0.7314285714285714,
        0.7666666666666667,
        0.8166666666666667,
        0.87265625,
        0.8405797101449275,
        0.6967032967032967,
        0.7647058823529411,
        0.5588972431077694
      ],
      "datasets": [
        "Adiac",
        "ArrowHead",
        "Beef",
        "Car",
        "ChlorineConcentration",
        "CinCECGTorso",
        "FiftyWords",
        "HouseTwenty",
        "KeplerLightCurves"
      ],
      "mean_accuracy": 0.7629687343690532,
      "std_accuracy": 0.08885709615512652
    },
    "cnn": {
      "accuracies": [
        0.5907928388746803,
        0.6228571428571429,
        0.9666666666666667,
        0.55,
        0.8901041666666667,
        0.9818840579710145,
        0.7516483516483516,
        0.8907563025210085,
        0.9022556390977443
      ],
      "datasets": [
        "Adiac",
        "ArrowHead",
        "Beef",
        "Car",
        "ChlorineConcentration",
        "CinCECGTorso",
        "FiftyWords",
        "HouseTwenty",
        "KeplerLightCurves"
      ],
      "mean_accuracy": 0.7941072407003639,
      "std_accuracy": 0.1589352977502862
    },
    "transformer": {
      "accuracies": [
        0.670076726342711,
        0.7714285714285715,
        0.8333333333333334,
        0.48333333333333334,
        0.5434895833333333,
        0.9239130434782609,
        0.6747252747252748,
        0.8739495798319328,
        0.6842105263157895
      ],
      "datasets": [
        "Adiac",
        "ArrowHead",
        "Beef",
        "Car",
        "ChlorineConcentration",
        "CinCECGTorso",
        "FiftyWords",
        "HouseTwenty",
        "KeplerLightCurves"
      ],
      "mean_accuracy": 0.7176066635691711,
      "std_accuracy": 0.13892797935624784
    },
    "cats": {
      "accuracies": [
        0.45012787723785164,
        0.68,
        0.7333333333333333,
        0.75,
        0.5481770833333334,
        0.813768115942029,
        0.6879120879120879,
        0.8907563025210085,
        0.6992481203007519
      ],
      "datasets": [
        "Adiac",
        "ArrowHead",
        "Beef",
        "Car",
        "ChlorineConcentration",
        "CinCECGTorso",
        "FiftyWords",
        "HouseTwenty",
        "KeplerLightCurves"
      ],
      "mean_accuracy": 0.6948136578422661,
      "std_accuracy": 0.12415632514579072
    },
    "autoformer": {
      "accuracies": [
        0.24040920716112532,
        0.6,
        0.8,
        0.8,
        0.5432291666666667,
        0.7710144927536232,
        0.4087912087912088,
        0.8907563025210085,
        0.7619047619047619
      ],
      "datasets": [
        "Adiac",
        "ArrowHead",
        "Beef",
        "Car",
        "ChlorineConcentration",
        "CinCECGTorso",
        "FiftyWords",
        "HouseTwenty",
        "KeplerLightCurves"
      ],
      "mean_accuracy": 0.6462339044220439,
      "std_accuracy": 0.20271749321526344
    },
    "patchtst": {
      "accuracies": [
        0.6010230179028133,
        0.7657142857142857,
        0.7666666666666667,
        0.7833333333333333,
        0.5325520833333334,
        0.8311594202898551,
        0.6703296703296703,
        0.8235294117647058,
        0.8446115288220551
      ],
      "datasets": [
        "Adiac",
        "ArrowHead",
        "Beef",
        "Car",
        "ChlorineConcentration",
        "CinCECGTorso",
        "FiftyWords",
        "HouseTwenty",
        "KeplerLightCurves"
      ],
      "mean_accuracy": 0.735435490906302,
      "std_accuracy": 0.10354632334675094
    }
  },
  "by_dataset": {
    "Adiac": {
      "fcn": 0.8184143222506394,
      "cnn": 0.5907928388746803,
      "transformer": 0.670076726342711,
      "cats": 0.45012787723785164,
      "autoformer": 0.24040920716112532,
      "patchtst": 0.6010230179028133
    },
    "ArrowHead": {
      "fcn": 0.7314285714285714,
      "cnn": 0.6228571428571429,
      "transformer": 0.7714285714285715,
      "cats": 0.68,
      "autoformer": 0.6,
      "patchtst": 0.7657142857142857
    },
    "Beef": {
      "fcn": 0.7666666666666667,
      "cnn": 0.9666666666666667,
      "transformer": 0.8333333333333334,
      "cats": 0.7333333333333333,
      "autoformer": 0.8,
      "patchtst": 0.7666666666666667
    },
    "Car": {
      "fcn": 0.8166666666666667,
      "cnn": 0.55,
      "transformer": 0.48333333333333334,
      "cats": 0.75,
      "autoformer": 0.8,
      "patchtst": 0.7833333333333333
    },
    "ChlorineConcentration": {
      "fcn": 0.87265625,
      "cnn": 0.8901041666666667,
      "transformer": 0.5434895833333333,
      "cats": 0.5481770833333334,
      "autoformer": 0.5432291666666667,
      "patchtst": 0.5325520833333334
    },
    "CinCECGTorso": {
      "fcn": 0.8405797101449275,
      "cnn": 0.9818840579710145,
      "transformer": 0.9239130434782609,
      "cats": 0.813768115942029,
      "autoformer": 0.7710144927536232,
      "patchtst": 0.8311594202898551
    },
    "FiftyWords": {
      "fcn": 0.6967032967032967,
      "cnn": 0.7516483516483516,
      "transformer": 0.6747252747252748,
      "cats": 0.6879120879120879,
      "autoformer": 0.4087912087912088,
      "patchtst": 0.6703296703296703
    },
    "HouseTwenty": {
      "fcn": 0.7647058823529411,
      "cnn": 0.8907563025210085,
      "transformer": 0.8739495798319328,
      "cats": 0.8907563025210085,
      "autoformer": 0.8907563025210085,
      "patchtst": 0.8235294117647058
    },
    "KeplerLightCurves": {
      "fcn": 0.5588972431077694,
      "cnn": 0.9022556390977443,
      "transformer": 0.6842105263157895,
      "cats": 0.6992481203007519,
      "autoformer": 0.7619047619047619,
      "patchtst": 0.8446115288220551
    }
  }
}