{
  "total_experiments": 54,
  "successful_runs": 52,
  "failed_runs": 0,
  "skipped_runs": 2,
  "by_model": {
    "fcn": {
      "accuracies": [
        0.8184143222506394,
        0.7314285714285714,
        0.8666666666666667,
        0.8833333333333333,
        0.8721354166666667,
        0.8442028985507246,
        0.6857142857142857,
        0.7563025210084033,
        0.568922305764411
      ],
      "datasets": [
        "Adiac",
        "ArrowHead",
        "Beef",
        "Car",
        "ChlorineConcentration",
        "CinCECGTorso",
        "FiftyWords",
        "HouseTwenty",
        "KeplerLightCurves"
      ],
      "mean_accuracy": 0.7807911468204113,
      "std_accuracy": 0.09923832487507783
    },
    "cnn": {
      "accuracies": [
        0.5626598465473146,
        0.6171428571428571,
        0.9666666666666667,
        0.6666666666666666,
        0.8869791666666667,
        0.9702898550724638,
        0.7384615384615385,
        0.8907563025210085,
        0.8947368421052632
      ],
      "datasets": [
        "Adiac",
        "ArrowHead",
        "Beef",
        "Car",
        "ChlorineConcentration",
        "CinCECGTorso",
        "FiftyWords",
        "HouseTwenty",
        "KeplerLightCurves"
      ],
      "mean_accuracy": 0.7993733046500495,
      "std_accuracy": 0.1463943957979168
    },
    "transformer": {
      "accuracies": [
        0.6061381074168798,
        0.5885714285714285,
        0.7333333333333333,
        0.8,
        0.5541666666666667,
        0.9123188405797101,
        0.5494505494505495,
        0.865546218487395,
        0.6716791979949874
      ],
      "datasets": [
        "Adiac",
        "ArrowHead",
        "Beef",
        "Car",
        "ChlorineConcentration",
        "CinCECGTorso",
        "FiftyWords",
        "HouseTwenty",
        "KeplerLightCurves"
      ],
      "mean_accuracy": 0.6979115936112168,
      "std_accuracy": 0.12889170565006827
    },
    "cats": {
      "accuracies": [
        0.46547314578005117,
        0.5771428571428572,
        0.8,
        0.7,
        0.5346354166666667,
        0.85,
        0.6,
        0.8739495798319328,
        0.7167919799498746
      ],
      "datasets": [
        "Adiac",
        "ArrowHead",
        "Beef",
        "Car",
        "ChlorineConcentration",
        "CinCECGTorso",
        "FiftyWords",
        "HouseTwenty",
        "KeplerLightCurves"
      ],
      "mean_accuracy": 0.6797769977079314,
      "std_accuracy": 0.13613794753905983
    },
    "autoformer": {
      "accuracies": [
        0.5657142857142857,
        0.7666666666666667,
        0.75,
        0.7760869565217391,
        0.45054945054945056,
        0.8823529411764706,
        0.6541353383458647
      ],
      "datasets": [
        "ArrowHead",
        "Beef",
        "Car",
        "CinCECGTorso",
        "FiftyWords",
        "HouseTwenty",
        "KeplerLightCurves"
      ],
      "mean_accuracy": 0.6922150912820682,
      "std_accuracy": 0.13518443898071938
    },
    "patchtst": {
      "accuracies": [
        0.5191815856777494,
        0.7885714285714286,
        0.8,
        0.6833333333333333,
        0.5177083333333333,
        0.822463768115942,
        0.6659340659340659,
        0.8739495798319328,
        0.8145363408521303
      ],
      "datasets": [
        "Adiac",
        "ArrowHead",
        "Beef",
        "Car",
        "ChlorineConcentration",
        "CinCECGTorso",
        "FiftyWords",
        "HouseTwenty",
        "KeplerLightCurves"
      ],
      "mean_accuracy": 0.7206309372944351,
      "std_accuracy": 0.12461157353628673
    }
  },
  "by_dataset": {
    "Adiac": {
      "fcn": 0.8184143222506394,
      "cnn": 0.5626598465473146,
      "transformer": 0.6061381074168798,
      "cats": 0.46547314578005117,
      "patchtst": 0.5191815856777494
    },
    "ArrowHead": {
      "fcn": 0.7314285714285714,
      "cnn": 0.6171428571428571,
      "transformer": 0.5885714285714285,
      "cats": 0.5771428571428572,
      "autoformer": 0.5657142857142857,
      "patchtst": 0.7885714285714286
    },
    "Beef": {
      "fcn": 0.8666666666666667,
      "cnn": 0.9666666666666667,
      "transformer": 0.7333333333333333,
      "cats": 0.8,
      "autoformer": 0.7666666666666667,
      "patchtst": 0.8
    },
    "Car": {
      "fcn": 0.8833333333333333,
      "cnn": 0.6666666666666666,
      "transformer": 0.8,
      "cats": 0.7,
      "autoformer": 0.75,
      "patchtst": 0.6833333333333333
    },
    "ChlorineConcentration": {
      "fcn": 0.8721354166666667,
      "cnn": 0.8869791666666667,
      "transformer": 0.5541666666666667,
      "cats": 0.5346354166666667,
      "patchtst": 0.5177083333333333
    },
    "CinCECGTorso": {
      "fcn": 0.8442028985507246,
      "cnn": 0.9702898550724638,
      "transformer": 0.9123188405797101,
      "cats": 0.85,
      "autoformer": 0.7760869565217391,
      "patchtst": 0.822463768115942
    },
    "FiftyWords": {
      "fcn": 0.6857142857142857,
      "cnn": 0.7384615384615385,
      "transformer": 0.5494505494505495,
      "cats": 0.6,
      "autoformer": 0.45054945054945056,
      "patchtst": 0.6659340659340659
    },
    "HouseTwenty": {
      "fcn": 0.7563025210084033,
      "cnn": 0.8907563025210085,
      "transformer": 0.865546218487395,
      "cats": 0.8739495798319328,
      "autoformer": 0.8823529411764706,
      "patchtst": 0.8739495798319328
    },
    "KeplerLightCurves": {
      "fcn": 0.568922305764411,
      "cnn": 0.8947368421052632,
      "transformer": 0.6716791979949874,
      "cats": 0.7167919799498746,
      "autoformer": 0.6541353383458647,
      "patchtst": 0.8145363408521303
    }
  }
}