{
  "total_experiments": 54,
  "successful_runs": 48,
  "failed_runs": 6,
  "skipped_runs": 0,
  "by_model": {
    "autoformer": {
      "accuracies": [
        0.8957075788061704,
        0.7166666666666667,
        0.8666666666666667,
        0.6065934065934065,
        0.8897243107769424
      ],
      "datasets": [
        "ArrowHead",
        "Beef",
        "Car",
        "FiftyWords",
        "KeplerLightCurves"
      ],
      "mean_accuracy": 0.7950717259019706,
      "std_accuracy": 0.1147902020378415
    },
    "cats": {
      "accuracies": [
        0.21739130434782608,
        0.8484238765928908,
        0.6333333333333333,
        0.7833333333333333,
        0.5388020833333333,
        1.0,
        0.7208791208791209,
        0.7593984962406015
      ],
      "datasets": [
        "Adiac",
        "ArrowHead",
        "Beef",
        "Car",
        "ChlorineConcentration",
        "CinCECGTorso",
        "FiftyWords",
        "KeplerLightCurves"
      ],
      "mean_accuracy": 0.6876951935075549,
      "std_accuracy": 0.2193932856852946
    },
    "cnn": {
      "accuracies": [
        0.6930946291560103,
        0.9382293762575452,
        0.8666666666666667,
        0.8833333333333334,
        0.8591145833333333,
        1.0,
        0.7538461538461538,
        0.9371069182389937,
        0.8571428571428571
      ],
      "datasets": [
        "Adiac",
        "ArrowHead",
        "Beef",
        "Car",
        "ChlorineConcentration",
        "CinCECGTorso",
        "FiftyWords",
        "HouseTwenty",
        "KeplerLightCurves"
      ],
      "mean_accuracy": 0.8653927242194325,
      "std_accuracy": 0.08889910439874493
    },
    "fcn": {
      "accuracies": [
        0.6624040920716112,
        0.9242119382964452,
        0.8666666666666667,
        0.9249999999999999,
        0.7958333333333333,
        1.0,
        0.6835164835164835,
        0.7924528301886792,
        0.5213032581453634
      ],
      "datasets": [
        "Adiac",
        "ArrowHead",
        "Beef",
        "Car",
        "ChlorineConcentration",
        "CinCECGTorso",
        "FiftyWords",
        "HouseTwenty",
        "KeplerLightCurves"
      ],
      "mean_accuracy": 0.7968209558020647,
      "std_accuracy": 0.14362541227340803
    },
    "patchtst": {
      "accuracies": [
        0.4398976982097187,
        0.886317907444668,
        0.7333333333333334,
        0.8166666666666668,
        0.6169270833333333,
        0.9992952783650457,
        0.676923076923077,
        0.9182389937106917,
        0.8045112781954887
      ],
      "datasets": [
        "Adiac",
        "ArrowHead",
        "Beef",
        "Car",
        "ChlorineConcentration",
        "CinCECGTorso",
        "FiftyWords",
        "HouseTwenty",
        "KeplerLightCurves"
      ],
      "mean_accuracy": 0.765790146242447,
      "std_accuracy": 0.1611406857134084
    },
    "transformer": {
      "accuracies": [
        0.36828644501278773,
        0.8530516431924883,
        0.6666666666666666,
        0.85,
        0.5765625,
        0.9992952783650457,
        0.7252747252747253,
        0.7443609022556391
      ],
      "datasets": [
        "Adiac",
        "ArrowHead",
        "Beef",
        "Car",
        "ChlorineConcentration",
        "CinCECGTorso",
        "FiftyWords",
        "KeplerLightCurves"
      ],
      "mean_accuracy": 0.7229372700959191,
      "std_accuracy": 0.1803753148736574
    }
  },
  "by_dataset": {
    "ArrowHead": {
      "autoformer": 0.8957075788061704,
      "cats": 0.8484238765928908,
      "cnn": 0.9382293762575452,
      "fcn": 0.9242119382964452,
      "patchtst": 0.886317907444668,
      "transformer": 0.8530516431924883
    },
    "Beef": {
      "autoformer": 0.7166666666666667,
      "cats": 0.6333333333333333,
      "cnn": 0.8666666666666667,
      "fcn": 0.8666666666666667,
      "patchtst": 0.7333333333333334,
      "transformer": 0.6666666666666666
    },
    "Car": {
      "autoformer": 0.8666666666666667,
      "cats": 0.7833333333333333,
      "cnn": 0.8833333333333334,
      "fcn": 0.9249999999999999,
      "patchtst": 0.8166666666666668,
      "transformer": 0.85
    },
    "FiftyWords": {
      "autoformer": 0.6065934065934065,
      "cats": 0.7208791208791209,
      "cnn": 0.7538461538461538,
      "fcn": 0.6835164835164835,
      "patchtst": 0.676923076923077,
      "transformer": 0.7252747252747253
    },
    "KeplerLightCurves": {
      "autoformer": 0.8897243107769424,
      "cats": 0.7593984962406015,
      "cnn": 0.8571428571428571,
      "fcn": 0.5213032581453634,
      "patchtst": 0.8045112781954887,
      "transformer": 0.7443609022556391
    },
    "Adiac": {
      "cats": 0.21739130434782608,
      "cnn": 0.6930946291560103,
      "fcn": 0.6624040920716112,
      "patchtst": 0.4398976982097187,
      "transformer": 0.36828644501278773
    },
    "ChlorineConcentration": {
      "cats": 0.5388020833333333,
      "cnn": 0.8591145833333333,
      "fcn": 0.7958333333333333,
      "patchtst": 0.6169270833333333,
      "transformer": 0.5765625
    },
    "CinCECGTorso": {
      "cats": 1.0,
      "cnn": 1.0,
      "fcn": 1.0,
      "patchtst": 0.9992952783650457,
      "transformer": 0.9992952783650457
    },
    "HouseTwenty": {
      "cnn": 0.9371069182389937,
      "fcn": 0.7924528301886792,
      "patchtst": 0.9182389937106917
    }
  }
}