{
  "total_experiments": 54,
  "successful_runs": 52,
  "failed_runs": 2,
  "skipped_runs": 0,
  "by_model": {
    "autoformer": {
      "accuracies": [
        0.2813299232736573,
        0.9005365526492287,
        0.7166666666666667,
        0.8916666666666667,
        0.5567708333333333,
        0.2967032967032967,
        0.8897243107769424
      ],
      "datasets": [
        "Adiac",
        "ArrowHead",
        "Beef",
        "Car",
        "ChlorineConcentration",
        "FiftyWords",
        "KeplerLightCurves"
      ],
      "mean_accuracy": 0.6476283214385417,
      "std_accuracy": 0.25424173568525493
    },
    "cats": {
      "accuracies": [
        0.061381074168797956,
        0.8482897384305835,
        0.6,
        0.8166666666666668,
        0.55078125,
        0.9978873218496416,
        0.7142857142857143,
        0.9182389937106917,
        0.7794486215538847
      ],
      "datasets": [
        "Adiac",
        "ArrowHead",
        "Beef",
        "Car",
        "ChlorineConcentration",
        "CinCECGTorso",
        "FiftyWords",
        "HouseTwenty",
        "KeplerLightCurves"
      ],
      "mean_accuracy": 0.6985532645184424,
      "std_accuracy": 0.2621627501335707
    },
    "cnn": {
      "accuracies": [
        0.6751918158567775,
        0.9287726358148894,
        0.8666666666666667,
        0.85,
        0.8458333333333333,
        1.0,
        0.7582417582417582,
        0.9685534591194968,
        0.87468671679198
      ],
      "datasets": [
        "Adiac",
        "ArrowHead",
        "Beef",
        "Car",
        "ChlorineConcentration",
        "CinCECGTorso",
        "FiftyWords",
        "HouseTwenty",
        "KeplerLightCurves"
      ],
      "mean_accuracy": 0.8631051539805447,
      "std_accuracy": 0.0949247622088207
    },
    "fcn": {
      "accuracies": [
        0.6138107416879796,
        0.9289067739771966,
        0.8666666666666666,
        0.9250000000000002,
        0.6809895833333334,
        1.0,
        0.6813186813186813,
        0.8238993710691824,
        0.5413533834586466
      ],
      "datasets": [
        "Adiac",
        "ArrowHead",
        "Beef",
        "Car",
        "ChlorineConcentration",
        "CinCECGTorso",
        "FiftyWords",
        "HouseTwenty",
        "KeplerLightCurves"
      ],
      "mean_accuracy": 0.784660577945743,
      "std_accuracy": 0.15090583774022345
    },
    "patchtst": {
      "accuracies": [
        0.47058823529411764,
        0.8767940979208585,
        0.7166666666666667,
        0.8333333333333334,
        0.5638020833333334,
        1.0,
        0.7032967032967034,
        0.9559748427672957,
        0.8320802005012531
      ],
      "datasets": [
        "Adiac",
        "ArrowHead",
        "Beef",
        "Car",
        "ChlorineConcentration",
        "CinCECGTorso",
        "FiftyWords",
        "HouseTwenty",
        "KeplerLightCurves"
      ],
      "mean_accuracy": 0.7725040181237292,
      "std_accuracy": 0.16538138174637376
    },
    "transformer": {
      "accuracies": [
        0.4398976982097187,
        0.8531187122736418,
        0.6833333333333332,
        0.8000000000000002,
        0.5497395833333333,
        0.9978888086041456,
        0.6857142857142857,
        0.9308176100628932,
        0.7543859649122807
      ],
      "datasets": [
        "Adiac",
        "ArrowHead",
        "Beef",
        "Car",
        "ChlorineConcentration",
        "CinCECGTorso",
        "FiftyWords",
        "HouseTwenty",
        "KeplerLightCurves"
      ],
      "mean_accuracy": 0.7438773329381814,
      "std_accuracy": 0.16726690618638454
    }
  },
  "by_dataset": {
    "Adiac": {
      "autoformer": 0.2813299232736573,
      "cats": 0.061381074168797956,
      "cnn": 0.6751918158567775,
      "fcn": 0.6138107416879796,
      "patchtst": 0.47058823529411764,
      "transformer": 0.4398976982097187
    },
    "ArrowHead": {
      "autoformer": 0.9005365526492287,
      "cats": 0.8482897384305835,
      "cnn": 0.9287726358148894,
      "fcn": 0.9289067739771966,
      "patchtst": 0.8767940979208585,
      "transformer": 0.8531187122736418
    },
    "Beef": {
      "autoformer": 0.7166666666666667,
      "cats": 0.6,
      "cnn": 0.8666666666666667,
      "fcn": 0.8666666666666666,
      "patchtst": 0.7166666666666667,
      "transformer": 0.6833333333333332
    },
    "Car": {
      "autoformer": 0.8916666666666667,
      "cats": 0.8166666666666668,
      "cnn": 0.85,
      "fcn": 0.9250000000000002,
      "patchtst": 0.8333333333333334,
      "transformer": 0.8000000000000002
    },
    "ChlorineConcentration": {
      "autoformer": 0.5567708333333333,
      "cats": 0.55078125,
      "cnn": 0.8458333333333333,
      "fcn": 0.6809895833333334,
      "patchtst": 0.5638020833333334,
      "transformer": 0.5497395833333333
    },
    "FiftyWords": {
      "autoformer": 0.2967032967032967,
      "cats": 0.7142857142857143,
      "cnn": 0.7582417582417582,
      "fcn": 0.6813186813186813,
      "patchtst": 0.7032967032967034,
      "transformer": 0.6857142857142857
    },
    "KeplerLightCurves": {
      "autoformer": 0.8897243107769424,
      "cats": 0.7794486215538847,
      "cnn": 0.87468671679198,
      "fcn": 0.5413533834586466,
      "patchtst": 0.8320802005012531,
      "transformer": 0.7543859649122807
    },
    "CinCECGTorso": {
      "cats": 0.9978873218496416,
      "cnn": 1.0,
      "fcn": 1.0,
      "patchtst": 1.0,
      "transformer": 0.9978888086041456
    },
    "HouseTwenty": {
      "cats": 0.9182389937106917,
      "cnn": 0.9685534591194968,
      "fcn": 0.8238993710691824,
      "patchtst": 0.9559748427672957,
      "transformer": 0.9308176100628932
    }
  },
  "failures": [
    {
      "model": "autoformer",
      "dataset": "CinCECGTorso",
      "error": "CUDA OOM during cross-validation"
    },
    {
      "model": "autoformer",
      "dataset": "HouseTwenty",
      "error": "CUDA OOM during cross-validation"
    }
  ]
}